{
    "shipping_delay_gap": 91.68150261318212,
    "Order Status_SUSPECTED_FRAUD": 2.475537080202635,
    "Order Status_CANCELED": 2.152809071823711,
    "Late_delivery_risk": 2.120619169019025,
    "customer_order_frequency": 0.29605258707370335,
    "Sales per customer": 0.13689622370923613,
    "Order Item Total": 0.13448483732223004,
    "Order Region_Central America": 0.12110170592119472,
    "Market_Pacific Asia": 0.11523051521042824,
    "Type_PAYMENT": 0.11294327673691494,
    "market_risk_score": 0.10944619451457374,
    "Market_Africa": 0.10331629449105463,
    "Order Status_PENDING_PAYMENT": 0.059582480885794875,
    "Type_CASH": 0.044717333267049596,
    "Type_TRANSFER": 0.026291717256267312,
    "Sales": 0.024559508032331815,
    "Category Name_Water Sports": 0.02414173167129051,
    "Category Name_Shop By Sport": 0.022555323222045162,
    "Category Name_Men's Footwear": 0.021068672882161417,
    "Order Region_Oceania": 0.020999219232521744,
    "Category Name_Cleats": 0.020450380099730457,
    "Latitude": 0.020258346876609074,
    "Order Status_PAYMENT_REVIEW": 0.019586827071022304,
    "Order Region_Eastern Asia": 0.01924242802158518,
    "Order Region_West Africa": 0.014742712430011028,
    "Order Status_CLOSED": 0.013834637957710642,
    "Market_LATAM": 0.013505077857252403,
    "profit_margin": 0.008598294798167042,
    "Category Name_Men's Golf Clubs": 0.007224830320051285,
    "Order Status_PENDING": 0.007131315808293967,
    "Category Name_Baseball & Softball": 0.006648261786140691,
    "Type_DEBIT": 0.005892949164065176,
    "Order Region_South Asia": 0.005416330070990632,
    "Category Name_Golf Shoes": 0.004423107220972545,
    "Category Name_Boxing & MMA": 0.003965581163252073,
    "Category Name_Sporting Goods": 0.0038731804342489596,
    "Order Status_COMPLETE": 0.0037757956119743286,
    "Order Region_Southeast Asia": 0.0037194299978615297,
    "region_delay_rate": 0.0026562771958195367,
    "Category Name_Books ": 0.0023245512524483103,
    "Category Name_Strength Training": 0.0022541721654223317,
    "Category Name_Women's Clothing": 0.0020712532964479446,
    "Category Name_Soccer": 0.0020188316310815664,
    "Department Name_Health and Beauty ": 0.0009796296364785262,
    "Category Name_As Seen on  TV!": 0.0008967545157075913,
    "Category Name_Golf Bags & Carts": 0.0004109049941411766,
    "Order Region_North Africa": 0.00024258196751020014,
    "Order Status_ON_HOLD": 4.671539038951164e-10,
    "Longitude": 3.581353965485119e-10,
    "Order Region_West Asia": 1.2500690601176936e-10,
    "Days for shipping (real)": 3.263553463631093e-11,
    "Category Name_Consumer Electronics": 1.5254628693949622e-11,
    "Category Name_Video Games": 5.565281735913072e-13,
    "Days for shipment (scheduled)": 0.0,
    "Benefit per order": 0.0,
    "Order Item Discount": 0.0,
    "Order Item Discount Rate": 0.0,
    "Order Item Product Price": 0.0,
    "Order Item Profit Ratio": 0.0,
    "Order Item Quantity": 0.0,
    "Order Profit Per Order": 0.0,
    "Product Price": 0.0,
    "is_weekend_order": 0.0,
    "order_month": 0.0,
    "order_day_of_week": 0.0,
    "discount_impact": 0.0,
    "shipping_mode_encoded": 0.0,
    "Customer Segment_Consumer": 0.0,
    "Customer Segment_Corporate": 0.0,
    "Customer Segment_Home Office": 0.0,
    "Market_Europe": 0.0,
    "Market_USCA": 0.0,
    "Order Region_Canada": 0.0,
    "Order Region_Caribbean": 0.0,
    "Order Region_Central Africa": 0.0,
    "Order Region_Central Asia": 0.0,
    "Order Region_East Africa": 0.0,
    "Order Region_East of USA": 0.0,
    "Order Region_Eastern Europe": 0.0,
    "Order Region_Northern Europe": 0.0,
    "Order Region_South America": 0.0,
    "Order Region_South of  USA ": 0.0,
    "Order Region_Southern Africa": 0.0,
    "Order Region_Southern Europe": 0.0,
    "Order Region_US Center ": 0.0,
    "Order Region_West of USA ": 0.0,
    "Order Region_Western Europe": 0.0,
    "Order Status_PROCESSING": 0.0,
    "Category Name_Accessories": 0.0,
    "Category Name_Baby ": 0.0,
    "Category Name_Basketball": 0.0,
    "Category Name_CDs ": 0.0,
    "Category Name_Cameras ": 0.0,
    "Category Name_Camping & Hiking": 0.0,
    "Category Name_Cardio Equipment": 0.0,
    "Category Name_Children's Clothing": 0.0,
    "Category Name_Computers": 0.0,
    "Category Name_Crafts": 0.0,
    "Category Name_DVDs": 0.0,
    "Category Name_Electronics": 0.0,
    "Category Name_Fishing": 0.0,
    "Category Name_Fitness Accessories": 0.0,
    "Category Name_Garden": 0.0,
    "Category Name_Girls' Apparel": 0.0,
    "Category Name_Golf Apparel": 0.0,
    "Category Name_Golf Balls": 0.0,
    "Category Name_Golf Gloves": 0.0,
    "Category Name_Health and Beauty": 0.0,
    "Category Name_Hockey": 0.0,
    "Category Name_Hunting & Shooting": 0.0,
    "Category Name_Indoor/Outdoor Games": 0.0,
    "Category Name_Kids' Golf Clubs": 0.0,
    "Category Name_Lacrosse": 0.0,
    "Category Name_Men's Clothing": 0.0,
    "Category Name_Music": 0.0,
    "Category Name_Pet Supplies": 0.0,
    "Category Name_Tennis & Racquet": 0.0,
    "Category Name_Toys": 0.0,
    "Category Name_Trade-In": 0.0,
    "Category Name_Women's Apparel": 0.0,
    "Category Name_Women's Golf Clubs": 0.0,
    "Department Name_Apparel": 0.0,
    "Department Name_Book Shop": 0.0,
    "Department Name_Discs Shop": 0.0,
    "Department Name_Fan Shop": 0.0,
    "Department Name_Fitness": 0.0,
    "Department Name_Footwear": 0.0,
    "Department Name_Golf": 0.0,
    "Department Name_Outdoors": 0.0,
    "Department Name_Pet Shop": 0.0,
    "Department Name_Technology": 0.0,
    "Product Status_0": 0.0
}