{
    "shipping_delay_gap": 91.12001567974644,
    "Late_delivery_risk": 2.9286601805585035,
    "Order Status_SUSPECTED_FRAUD": 2.554544208057587,
    "Order Status_CANCELED": 2.2274246217174873,
    "Market_Pacific Asia": 0.13956093559634764,
    "Order Status_PAYMENT_REVIEW": 0.06540008781591251,
    "Order Item Discount": 0.043417277969677,
    "Category Name_Shop By Sport": 0.043411822772222525,
    "Order Region_Eastern Asia": 0.04234566504304778,
    "Order Status_CLOSED": 0.03827926097661768,
    "Type_TRANSFER": 0.03639051002809349,
    "Order Region_South Asia": 0.033759580541528764,
    "Order Item Discount Rate": 0.03261721103437459,
    "Order Item Product Price": 0.030551993670876014,
    "Longitude": 0.02990670034121401,
    "Category Name_Electronics": 0.029090416454134304,
    "Type_PAYMENT": 0.028247351840761072,
    "Product Price": 0.028009078215801973,
    "Category Name_Men's Footwear": 0.026998211852292262,
    "Order Item Profit Ratio": 0.024706202743819836,
    "Order Status_PENDING_PAYMENT": 0.024280986760025446,
    "Category Name_Fishing": 0.02419140285494353,
    "Type_CASH": 0.023955677667881745,
    "Order Region_Oceania": 0.023663583309827575,
    "Category Name_Cleats": 0.023562654448887055,
    "Days for shipment (scheduled)": 0.02342964673461946,
    "Sales per customer": 0.021808814914401137,
    "Order Region_West of USA ": 0.02070874956030919,
    "Category Name_Water Sports": 0.020005653065602355,
    "Department Name_Footwear": 0.019142942282136245,
    "Category Name_Golf Balls": 0.0187958157450068,
    "Order Region_Western Europe": 0.017571769904984626,
    "Order Item Total": 0.016809903377822264,
    "profit_margin": 0.016507650459589462,
    "Category Name_Women's Apparel": 0.016496699726521482,
    "Order Region_South America": 0.01448586038187726,
    "Order Region_North Africa": 0.014235105915247894,
    "Latitude": 0.013428197896167473,
    "Department Name_Outdoors": 0.011631382781220662,
    "Market_LATAM": 0.011116062817187454,
    "Category Name_Hockey": 0.00959794814432101,
    "is_weekend_order": 0.009528898688044563,
    "Category Name_Indoor/Outdoor Games": 0.009319140894138558,
    "Sales": 0.008996213277812684,
    "region_delay_rate": 0.008862856858709564,
    "Order Status_PROCESSING": 0.007814416949121552,
    "Market_USCA": 0.007809546677128043,
    "Type_DEBIT": 0.007065001976905829,
    "Order Status_COMPLETE": 0.0059880171875057436,
    "Market_Europe": 0.005558945746552246,
    "Category Name_Video Games": 0.005382260843233731,
    "Category Name_Tennis & Racquet": 0.004085863217145089,
    "Order Item Quantity": 0.0037171581581327278,
    "Category Name_Health and Beauty": 0.003668154706892907,
    "order_month": 0.003286055997951573,
    "Days for shipping (real)": 0.002964717821145516,
    "Category Name_Basketball": 0.002499107151053492,
    "Category Name_Boxing & MMA": 0.0024662159919604867,
    "Order Region_East of USA": 0.0024384648617985344,
    "Category Name_Soccer": 0.001863898939133196,
    "Order Region_Southern Europe": 0.0017703078329844375,
    "Order Region_Southeast Asia": 0.001359207478197272,
    "order_day_of_week": 0.0012100854123926728,
    "Department Name_Golf": 0.0008319448086139253,
    "Order Region_Eastern Europe": 0.0006133727821948607,
    "Category Name_Baseball & Softball": 0.00045840936153146347,
    "Customer Segment_Consumer": 0.00039108502604716383,
    "Market_Africa": 0.0002958820221050801,
    "Order Region_Northern Europe": 0.0002683465739017566,
    "customer_order_frequency": 0.0002535906113490172,
    "Category Name_Golf Shoes": 0.0002294319197607145,
    "Category Name_Toys": 8.835651580501347e-05,
    "Order Region_Central Africa": 6.295439245305646e-05,
    "Department Name_Technology": 4.975314210958965e-05,
    "Department Name_Pet Shop": 1.2651972557408825e-05,
    "Category Name_Golf Bags & Carts": 1.25617000361943e-05,
    "Category Name_Fitness Accessories": 1.0602673250753085e-05,
    "Category Name_As Seen on  TV!": 3.0057812474880086e-06,
    "Order Status_PENDING": 1.9183658960820824e-09,
    "Customer Segment_Home Office": 1.899200956713142e-09,
    "Category Name_Camping & Hiking": 1.7510854218093255e-09,
    "discount_impact": 1.266461668916388e-09,
    "shipping_mode_encoded": 1.1025742677368122e-09,
    "Department Name_Fan Shop": 3.861414877569601e-10,
    "Benefit per order": 0.0,
    "Order Profit Per Order": 0.0,
    "market_risk_score": 0.0,
    "Customer Segment_Corporate": 0.0,
    "Order Region_Canada": 0.0,
    "Order Region_Caribbean": 0.0,
    "Order Region_Central America": 0.0,
    "Order Region_Central Asia": 0.0,
    "Order Region_East Africa": 0.0,
    "Order Region_South of  USA ": 0.0,
    "Order Region_Southern Africa": 0.0,
    "Order Region_US Center ": 0.0,
    "Order Region_West Africa": 0.0,
    "Order Region_West Asia": 0.0,
    "Order Status_ON_HOLD": 0.0,
    "Category Name_Accessories": 0.0,
    "Category Name_Baby ": 0.0,
    "Category Name_Books ": 0.0,
    "Category Name_CDs ": 0.0,
    "Category Name_Cameras ": 0.0,
    "Category Name_Cardio Equipment": 0.0,
    "Category Name_Children's Clothing": 0.0,
    "Category Name_Computers": 0.0,
    "Category Name_Consumer Electronics": 0.0,
    "Category Name_Crafts": 0.0,
    "Category Name_DVDs": 0.0,
    "Category Name_Garden": 0.0,
    "Category Name_Girls' Apparel": 0.0,
    "Category Name_Golf Apparel": 0.0,
    "Category Name_Golf Gloves": 0.0,
    "Category Name_Hunting & Shooting": 0.0,
    "Category Name_Kids' Golf Clubs": 0.0,
    "Category Name_Lacrosse": 0.0,
    "Category Name_Men's Clothing": 0.0,
    "Category Name_Men's Golf Clubs": 0.0,
    "Category Name_Music": 0.0,
    "Category Name_Pet Supplies": 0.0,
    "Category Name_Sporting Goods": 0.0,
    "Category Name_Strength Training": 0.0,
    "Category Name_Trade-In": 0.0,
    "Category Name_Women's Clothing": 0.0,
    "Category Name_Women's Golf Clubs": 0.0,
    "Department Name_Apparel": 0.0,
    "Department Name_Book Shop": 0.0,
    "Department Name_Discs Shop": 0.0,
    "Department Name_Fitness": 0.0,
    "Department Name_Health and Beauty ": 0.0,
    "Product Status_0": 0.0
}